Chapter,หัวข้อ,คำถาม,ตัวเลือก A,ตัวเลือก B,ตัวเลือก C,ตัวเลือก D,คำตอบที่ถูก,คำอธิบาย,หมายเหตุการรวม,status
1,คอมพิวเตอร์แบบเดิมทำตามคำสั่งของมนุษย์ แต่ AI สามารถเรียนรู้และสร้างสิ่งใหม่ได้ด้วยตัวเอง,ข้อใดอธิบายความแตกต่างระหว่างคอมพิวเตอร์แบบเดิมกับ AI ได้ถูกต้องที่สุด,คอมพิวเตอร์แบบเดิมทำตามคำสั่งเท่านั้น ส่วน AI สามารถเรียนรู้และสร้างสิ่งใหม่ได้,คอมพิวเตอร์แบบเดิมใช้ข้อมูลมากกว่า AI,AI ทำงานช้ากว่าคอมพิวเตอร์ทั่วไป,ทั้งสองแบบเหมือนกัน,A,สะท้อนความเข้าใจพื้นฐานของแนวคิด “AI เรียนรู้และสร้างสรรค์ได้” ซึ่งต่างจากระบบที่ทำตามคำสั่งแบบเดิม,,
1,Generative AI คือ AI ที่สามารถสร้างสิ่งใหม่ เช่น บทความ ภาพ หรือเพลง จากสิ่งที่เรียนรู้,Generative AI แตกต่างจาก AI แบบดั้งเดิมอย่างไร,ใช้ข้อมูลน้อยกว่า,เน้นสร้างผลลัพธ์ใหม่จากความรู้ที่เรียนรู้,ไม่สามารถตอบสนองแบบเรียลไทม์,ใช้ได้เฉพาะกับภาพเท่านั้น,B,Reinforce ความเข้าใจว่า Generative AI มีความสามารถ “สร้างเนื้อหาใหม่” ไม่ใช่แค่ประมวลผลข้อมูลเดิม,,
1,Machine Learning คือการให้อัลกอริทึมเรียนรู้จากข้อมูลโดยไม่ต้องสั่งทุกขั้นตอน,“Machine Learning” ทำงานแตกต่างจากการเขียนโปรแกรมแบบเดิมอย่างไร,ไม่ต้องใช้ข้อมูลฝึก,มีการเรียนรู้จากข้อมูลโดยไม่ต้องระบุทุกขั้นตอน,ใช้แค่กฎตายตัวเท่านั้น,ต้องเขียนโค้ดทุกบรรทัดเอง,B,ทดสอบความเข้าใจแนวคิด “การเรียนรู้ของเครื่อง” ที่เป็นรากฐานของ AI ยุคใหม่,,
1,Deep Learning ใช้โครงข่ายประสาทเทียม (Neural Networks) หลายชั้นเพื่อเข้าใจข้อมูลเชิงลึก,“Deep Learning” แตกต่างจาก “Machine Learning” แบบทั่วไปอย่างไร,ใช้ข้อมูลน้อยกว่า,ใช้โครงข่ายประสาทเทียมหลายชั้นเพื่อเข้าใจรูปแบบเชิงลึกของข้อมูล,ใช้เฉพาะกับข้อมูลตัวเลข,ไม่ต้องการฮาร์ดแวร์ที่มีพลังสูง,B,วัดความเข้าใจเทคนิค Deep Learning ที่เพิ่มความซับซ้อนและศักยภาพของ AI,,
1,LLM คือโมเดลภาษาขนาดใหญ่ที่ทำนายคำถัดไปจากบริบทก่อนหน้า,หลักการทำงานหลักของโมเดลภาษา (LLM) คืออะไร,การจดจำทุกประโยคในฐานข้อมูล,การทำนายคำถัดไปตามบริบทของคำก่อนหน้า,การแปลทุกภาษาพร้อมกัน,การค้นหาข้อมูลจากอินเทอร์เน็ตแบบเรียลไทม์,B,Reinforce ความเข้าใจของผู้เรียนต่อกลไก “Next Word Prediction” ซึ่งเป็นหัวใจของ LLM,,
1,"LLM ผ่านการฝึกด้วย Self-supervised, Supervised Fine-tuning และ RLHF",จุดประสงค์ของขั้นตอน RLHF คืออะไร,ให้โมเดลท่องจำข้อมูลเพิ่มขึ้น,ปรับโมเดลให้ตอบตรงกับความต้องการของผู้ใช้มากขึ้น,ลดขนาดโมเดลให้เล็กลง,ทำให้โมเดลตอบเร็วขึ้น,B,RLHF คือการให้มนุษย์ช่วยประเมินคำตอบเพื่อให้โมเดลเรียนรู้พฤติกรรมที่มนุษย์ต้องการ,,
1,Generative AI สามารถสร้างภาพ เสียง วิดีโอ และโค้ดจากคำบรรยายได้,ข้อใดต่อไปนี้เป็นตัวอย่างของ Generative AI ที่ถูกต้อง,โปรแกรมแปลภาษา,โปรแกรมสร้างภาพจากข้อความ,ระบบค้นหาข้อมูล,ระบบล็อกอินอัตโนมัติ,B,ทดสอบการเชื่อมโยงแนวคิดกับการใช้งานจริงของ Generative AI,,
1,"โมเดลภาษาไทย เช่น OpenThaiGPT, Typhoon, Pratumma LLM พัฒนาโดยคนไทย",การพัฒนาโมเดลภาษาไทยมีความสำคัญอย่างไร,เพื่อแข่งขันกับบริษัทต่างชาติเท่านั้น,เพื่อให้โมเดลเข้าใจภาษาและวัฒนธรรมไทยอย่างลึกซึ้ง,เพื่อทำให้การตอบเร็วขึ้น,เพื่อใช้เฉพาะงานราชการ,B,ส่งเสริมการตระหนักรู้ถึงคุณค่าของการพัฒนา AI ให้สอดคล้องกับบริบททางภาษาและวัฒนธรรมของไทย,,
2,งานวิจัยของ OpenAI อธิบายว่าทำไมโมเดลไม่พูดว่า “I don’t know”,เหตุใด AI จึงเลือก “เดา” แทนที่จะตอบว่า “ไม่รู้”,เพราะระบบการประเมินให้คะแนนเฉพาะคำตอบที่ถูกต้อง,เพราะโมเดลไม่เข้าใจภาษา,เพราะโมเดลต้องการหลอกมนุษย์,เพราะไม่มีข้อมูลพอในระบบ,A,AI ถูกฝึกให้เดาเพราะระบบให้รางวัลเฉพาะคำตอบที่ถูก ทำให้เลือกตอบมากกว่าปฏิเสธ,,
2,กรณีรถ Tesla พุ่งชนรถพ่วงโดยไม่ลดความเร็ว,กรณีนี้สะท้อนความเสี่ยงด้านใดของ AI,การหลอน (Hallucination),ความล้มเหลวในการรับรู้และตัดสินใจ,การคำนวณเร็วเกินไป,การขาดข้อมูลภาพ,B,สะท้อนความเสี่ยงของ AI ด้านการตัดสินใจอัตโนมัติที่ผิดพลาดแม้เห็นวัตถุชัดเจน,,
2,ตัวอย่างนาฬิกา 10:10 แสดงอคติของข้อมูล (Bias),ข้อใดเป็นตัวอย่างของ “Bias” ในข้อมูลที่ใช้ฝึก AI,AI ทำนายเวลาผิดเพราะเห็นแต่นาฬิกาตั้งไว้ที่ 10:10,AI ไม่สามารถสร้างภาพใหม่ได้,AI แปลภาษาผิด,AI ตอบช้าเกินไป,A,ตัวอย่าง Bias จากข้อมูลที่ไม่หลากหลาย ทำให้ AI เรียนรู้ผิดพลาดจากรูปแบบที่ซ้ำเดิม,,
2,การที่ AI เดาผลลัพธ์โดยขาดบริบทเพียงพอ,เหตุผลสำคัญที่ AI ตอบผิดหรือหลอนได้คืออะไร,เพราะโมเดลไม่มีข้อมูลตัวอย่างเพียงพอหรือบริบทไม่ครบ,เพราะโมเดลจงใจตอบผิด,เพราะโมเดลไม่สามารถคำนวณได้,เพราะผู้ใช้ถามเร็วเกินไป,A,การขาดข้อมูลอ้างอิงหรือบริบททำให้ AI ต้องเดานอกช่วง → เกิด Extrapolation ผิดพลาด,,
2,การที่ AI สร้างภาพผิดจากของจริงแต่ยังดูสมจริง,ปรากฏการณ์นี้เรียกว่าอะไร,Overfitting,Hallucination,Reinforcement,Translation Error,B,AI สร้างสิ่งที่ดูสมจริงแต่ไม่ถูกต้อง เรียกว่า “การหลอน” หรือ Hallucination,,
2,การเปรียบเทียบ Rule-based กับ Learned Model,ความแตกต่างหลักระหว่าง Rule-based Model และ Learned Model คืออะไร,Rule-based ใช้การเรียนรู้จากข้อมูล ส่วน Learned ใช้สูตรคงที่,Rule-based ใช้กฎคณิตศาสตร์แน่นอน ส่วน Learned Model เรียนรู้จากตัวอย่างข้อมูล,ทั้งคู่ทำงานเหมือนกัน,Learned Model ไม่สามารถคาดการณ์ได้,B,วัดความเข้าใจแนวคิดพื้นฐานของ “สมการ vs การเรียนรู้จากข้อมูล”,,
2,ตัวอย่างจากซีรีส์ 3-body problem และพยากรณ์อากาศ,ปัญหาที่เหมาะกับการใช้ AI คือแบบใด,ปัญหาที่มีกฎแน่นอนและคำนวณได้ชัดเจน,ปัญหาที่ซับซ้อนและไม่สามารถอธิบายด้วยสมการตายตัว,ปัญหาที่เกี่ยวข้องกับคณิตศาสตร์พื้นฐานเท่านั้น,ปัญหาที่ไม่ต้องใช้ข้อมูลจำนวนมาก,B,AI เหมาะกับปัญหาที่ซับซ้อน เช่น พยากรณ์อากาศ หรือระบบหลายปัจจัยที่ไม่สามารถใช้สมการแน่นอนได้,,
2,การคาดเดาข้อมูลนอกช่วงข้อมูลเดิม (Extrapolation),เหตุใด Extrapolation จึงมักให้ผลผิดพลาดมากกว่า Interpolation,เพราะต้องใช้สมการคณิตศาสตร์ซับซ้อนกว่า,เพราะคาดเดาค่านอกช่วงข้อมูลที่มี ทำให้ความไม่แน่นอนสูง,เพราะใช้ข้อมูลมากเกินไป,เพราะเป็นเทคนิคใหม่กว่า,B,Extrapolation คือการทำนายนอกช่วงข้อมูลที่รู้ ทำให้โอกาสผิดสูงกว่าการคาดค่าในช่วง,,
2,ตัวอย่างกราฟ PM2.5 อธิบายแนวคิดการคาดเดาข้อมูลที่หายไปในช่วง (Interpolation),หลักการของ Interpolation คืออะไร,การคาดเดาข้อมูลที่อยู่นอกช่วงข้อมูลอ้างอิง,การคาดเดาข้อมูลภายในช่วงของข้อมูลอ้างอิง,การคำนวณค่าคงที่จากสูตร,การเดาคำตอบแบบสุ่ม,B,Interpolation คือการประมาณค่าภายในช่วงของข้อมูลที่มีอยู่ เช่น การเดาค่าฝุ่นปี 2011 จากค่าปี 2010 และ 2012,,
2,ตัวอย่างการใช้ AI เติมคำในศิลาจารึกหรือภาพที่หายไป,การที่ AI เติมคำในศิลาจารึกหรือสร้างภาพส่วนที่ขาดหายไป เทียบได้กับหลักการใด,Extrapolation,Interpolation,Reinforcement,Bias Correction,B,การเติมข้อมูลที่หายไปโดยอิงจากข้อมูลบริบทรอบ ๆ คือการทำ Interpolation,,
3,ทุกอัลกอริทึมมีอคติในระดับใดระดับหนึ่ง,วิธีที่ถูกต้องในการรับมือกับอคติใน AI คืออะไร,ปฏิเสธการใช้ AI ทันที,ตรวจสอบและตั้งคำถามกับข้อมูลและวิธีตัดสินของ AI,ใช้ AI โดยไม่ต้องตรวจสอบ,ให้ AI ตัดสินแทนมนุษย์ทั้งหมด,B,แนวทางที่ถูกต้องคือใช้ AI อย่างมีวิจารณญาณ ตรวจสอบแหล่งข้อมูลและผลลัพธ์เสมอ,,
3,การเข้าใจอคติและขอบเขตของ AI,เพราะเหตุใดผู้ใช้ทั่วไปจึงควรรู้จักอคติใน AI,เพื่อจะได้หลีกเลี่ยงการใช้งาน AI,เพื่อใช้ AI อย่างชาญฉลาดและเป็นธรรมต่อทุกคน,เพื่อสร้าง AI ของตนเอง,เพื่อแข่งขันกับเทคโนโลยี,B,การรู้เท่าทันอคติช่วยให้เราใช้ AI อย่างมีจริยธรรมและไม่ตัดสินผู้อื่นอย่างไม่ยุติธรรม,,
3,ความโปร่งใสในระบบ AI,เหตุใดความโปร่งใส (Transparency) จึงสำคัญต่อการใช้ AI อย่างเป็นธรรม,ทำให้ผู้ใช้เชื่อถือได้และเข้าใจขอบเขตของระบบ,ทำให้ระบบทำงานเร็วขึ้น,ลดต้นทุนในการฝึกโมเดล,ทำให้ AI สร้างข้อมูลได้มากขึ้น,A,ความโปร่งใสช่วยให้ผู้ใช้รู้ว่า AI ถูกฝึกจากข้อมูลแบบใด และตัดสินใจอย่างไร,,
3,การใช้ AI ในการคัดเลือกพนักงานอาจสานต่ออคติจากการตัดสินใจในอดีต,ผลกระทบของอคติในระบบคัดเลือกผู้สมัครงานคืออะไร,ช่วยให้เลือกคนได้เร็วขึ้น,ทำให้บริษัทพลาดคนเก่งและไม่เป็นธรรม,เพิ่มโอกาสของผู้สมัครทุกคน,ลดความลำเอียงของมนุษย์ได้ทั้งหมด,B,ระบบเรียนรู้อคติจากข้อมูลเดิม เช่น อายุ เพศ หรือพื้นเพ ทำให้ตัดสินใจไม่ยุติธรรม,,
3,System Card หรือใบแจ้งส่วนผสมของ AI,จุดประสงค์ของ “System Card” คืออะไร,ช่วยให้ AI ตัดสินใจแทนมนุษย์ได้,เปิดเผยข้อมูลฝึก จุดแข็ง จุดอ่อนของโมเดล,แสดงราคาซื้อขายของโมเดล,ใช้เป็นใบอนุญาตให้ AI ทำงานได้,B,System Card คือเอกสารแสดงความโปร่งใสของ AI เพื่อให้ผู้ใช้เข้าใจข้อจำกัดของระบบ,,
3,งานวิจัยของ MIT พบว่า AI จำแนกเพศคนผิวสีผิดพลาดสูง,งานวิจัยของ MIT ปี 2018 สะท้อนปัญหาอะไรในระบบ AI,การฝึกข้อมูลมากเกินไป,ความไม่หลากหลายของข้อมูลฝึก,การใช้โมเดลที่ซับซ้อนเกินไป,การเขียนโปรแกรมผิดพลาด,B,งานวิจัยพบว่า AI ล้มเหลวกับกลุ่มที่ไม่ถูกแทนในข้อมูลฝึก แสดงถึงปัญหา Representation Bias,,
3,ตัวอย่าง AI แสดงภาพ “nurse” เป็นผู้หญิงเกือบทั้งหมด,เหตุการณ์นี้เป็นตัวอย่างของอคติประเภทใด,Automation Bias,Representation Bias,Confirmation Bias,Gender Bias,B,เป็นตัวอย่างของ Representation Bias — ข้อมูลที่ใช้ฝึกไม่สะท้อนความหลากหลายของความเป็นจริง,,
3,ระบบ PredPol ใช้ข้อมูลการจับกุมในอดีตและตอกย้ำอคติเดิม,ปรากฏการณ์ที่ระบบ PredPol ตอกย้ำอคติเดิมเรียกว่าอะไร,Confirmation Bias,Reinforcement Bias,Feedback Loop Bias,Predictive Bias,C,Feedback Loop Bias คือการนำข้อมูลที่มีอคติกลับมาใช้ซ้ำ ทำให้อคติเพิ่มขึ้นเรื่อย ๆ,,
3,อคติคือกลไกทางความคิดของมนุษย์ที่ช่วยให้ตัดสินใจเร็วขึ้น แต่บางครั้งก็นำมาซึ่งความไม่ยุติธรรม,ทำไมอคติของมนุษย์จึงเป็นปัญหาเมื่อถูกฝังใน AI,เพราะทำให้ AI ตัดสินใจช้าลง,เพราะ AI จะขาดความคิดสร้างสรรค์,เพราะอคติเล็ก ๆ อาจกลายเป็นอคติขนาดใหญ่ในระบบ,เพราะอคติทำให้ข้อมูลสูญหาย,C,การที่ AI เรียนรู้อคติของมนุษย์ทำให้ระบบตัดสินใจไม่เป็นธรรมและกระทบต่อคนจำนวนมาก,,
3,AI ถูกสอนจากข้อมูลของมนุษย์ ซึ่งอาจมีอคติแฝงอยู่,สาเหตุหลักที่ทำให้ AI มีอคติ (Algorithmic Bias) คืออะไร,การคำนวณผิดพลาดของระบบ,การฝึกจากข้อมูลของมนุษย์ที่มีอคติอยู่แล้ว,การใช้ภาษาที่ซับซ้อนเกินไป,การเขียนโค้ดไม่สมบูรณ์,B,AI เรียนรู้จากข้อมูลของมนุษย์ ซึ่งอาจสะท้อนมุมมองและอคติทางสังคมโดยไม่รู้ตัว,,
4,การใช้ AI ที่เน้นให้แหล่งอ้างอิง,AI ใดต่อไปนี้ขึ้นชื่อเรื่องการให้แหล่งอ้างอิงที่ตรวจสอบได้,DALL·E,Perplexity,Copilot,Whisper,B,Perplexity AI ออกแบบให้ตอบคำถามพร้อมแหล่งอ้างอิงที่ตรวจสอบได้,,
4,การตรวจสอบข้อมูลเชิงวิชาการ,หากต้องการตรวจสอบว่างานวิจัยมีจริงหรือไม่ ควรใช้เครื่องมือใด,Wikipedia,Google Scholar,Instagram,YouTube,B,Google Scholar เป็นแหล่งค้นงานวิจัยเชิงวิชาการที่เชื่อถือได้,,
4,เครื่องมือช่วยตรวจสอบข้อมูล,เครื่องมือใดต่อไปนี้เหมาะกับการตรวจสอบข่าวจริงหรือข่าวปลอม,CoFact,Google Maps,Canva,Chatbot,A,CoFact เป็นเว็บ Fact-checker ที่ช่วยตรวจสอบข่าวปลอมในภาษาไทย,,
4,"ตัวอย่างภาษาชี้นำอารมณ์ เช่น “แน่นอนที่สุด!”, “สุดยอดเทคโนโลยี”",คำตอบที่ใช้ภาษาชี้นำอารมณ์มีความเสี่ยงอย่างไร,ทำให้ผู้ใช้อยากอ่านต่อ,กระตุ้นอารมณ์แทนที่จะให้ข้อมูลจริง,ทำให้ข้อมูลแม่นยำขึ้น,ไม่มีผลต่อการตัดสินใจ,B,การใช้ภาษาชี้นำทำให้ผู้ใช้ตัดสินใจด้วยอารมณ์ แทนเหตุผลที่เป็นกลาง,,
4,"แนวคิด “Think, Don’t Just Sync!”",ข้อความนี้ต้องการสื่อสารหลักการใด,ให้ใช้ AI โดยไม่ตั้งคำถาม,ให้ใช้ AI เพื่อเลียนแบบมนุษย์,ให้ใช้ AI อย่างมีสติ คิดวิเคราะห์ ไม่เชื่อโดยง่าย,ให้ใช้ AI เฉพาะด้านเทคนิคเท่านั้น,C,เน้นการใช้ AI อย่างมีวิจารณญาณ ใช้การคิดเชิงวิเคราะห์มากกว่าการเชื่อตามทันที,,
4,ตัวอย่างคำตอบเรื่องดาวพุธร้อนกว่าดาวศุกร์,ตัวอย่างนี้ต้องการสื่อถึงหลักการใดในการประเมินคำตอบจาก AI,ตรวจสอบความสอดคล้องกับความรู้พื้นฐานที่เราทราบอยู่แล้ว,เชื่อข้อมูลใหม่มากกว่าข้อมูลเก่า,ใช้ความรู้สึกตัดสินว่า AI ผิด,ตรวจสอบเฉพาะส่วนแรกของคำตอบ,A,ผู้ใช้ควรเปรียบเทียบข้อมูลจาก AI กับความรู้ทางวิทยาศาสตร์หรือข้อมูลที่ยืนยันได้,,
4,การอ้างชื่อแหล่งข้อมูลหรือสถาบัน,ทำไมการที่ AI อ้างแหล่งข้อมูลไม่ได้หมายความว่าข้อมูลนั้นถูกต้องเสมอ,เพราะบางครั้ง AI อาจแต่งชื่อสถาบันหรือปีงานวิจัยขึ้นมาเอง,เพราะ AI ไม่เข้าใจภาษาอังกฤษ,เพราะสถาบันนั้นไม่มีอยู่จริง,เพราะข้อมูลทุกอย่างในอินเทอร์เน็ตผิดหมด,A,AI สามารถ “สร้าง” แหล่งข้อมูลปลอมได้ จึงต้องตรวจสอบซ้ำเสมอ,,
4,การขาดแหล่งอ้างอิงเป็นสัญญาณเตือนสำคัญของข้อมูลที่ไม่น่าเชื่อถือ,หาก AI ให้คำตอบโดยไม่มีแหล่งอ้างอิง ผู้ใช้ควรทำอย่างไร,เชื่อทันทีเพราะ AI ฉลาด,ป้อนคำถามใหม่และขอให้ระบุแหล่งอ้างอิง,ปิดระบบและไม่ใช้ AI อีก,คัดลอกคำตอบไปโพสต์ต่อ,B,การขอแหล่งอ้างอิงหรือค้นต่อจากหลายระบบช่วยตรวจสอบความถูกต้องของข้อมูล,,
4,AI ไม่ได้ “คิด” แต่ “คาดเดา” คำถัดไปจากข้อมูลที่เคยเรียนรู้,เพราะเหตุใด AI บางครั้งจึงให้คำตอบผิดหรือแต่งเรื่องขึ้นมาเอง,เพราะ AI จงใจโกหก,เพราะ AI เดาคำตอบตามรูปแบบของข้อมูลที่เคยเห็น,เพราะระบบขัดข้อง,เพราะไม่มีมนุษย์ควบคุม,B,AI ไม่ได้เข้าใจความหมายจริง แต่คาดเดาคำถัดไปตามรูปแบบข้อมูล จึงอาจเกิด “Hallucination” ได้,,
4,ตัวอย่างคำตอบ “นักกีฬาทุกคนออกกำลังกาย → ถ้าอยากสำเร็จต้องออกกำลังกาย”,ตัวอย่างนี้สะท้อนตรรกะผิดพลาดแบบใด,False Equivalence,Correlation is not causation,Circular Reasoning,Appeal to Emotion,B,AI สรุปผิดว่า “สิ่งที่มักเกิดร่วมกัน” เป็น “เหตุและผล” ซึ่งเป็นการให้เหตุผลที่ไม่สมเหตุสมผล,,
5,"สรุปแนวคิด “Think, Don’t Just Sync!”",ข้อความนี้ในบริบทของบทนี้หมายถึงอะไร,ใช้ AI โดยไม่ต้องตรวจสอบ,หยุดคิดก่อนเชื่อหรือแชร์ข้อมูลใด ๆ ที่ได้จาก AI,ใช้ AI ให้เร็วที่สุดเพื่อไม่ตกเทรนด์,ให้ AI ตัดสินแทนมนุษย์ทั้งหมด,B,"“Think, Don’t Just Sync!” เน้นให้ใช้วิจารณญาณ ตรวจสอบก่อนเชื่อหรือแชร์ข้อมูลในยุคของ AI",,
5,การใช้เทคโนโลยีตรวจสอบมนุษย์ เช่น การสแกนม่านตา,ข้อดีและข้อกังวลของการใช้เทคโนโลยีสแกนม่านตาคืออะไร,ปลอดภัยและไม่มีข้อจำกัด,ช่วยยืนยันความเป็นมนุษย์แต่มีความเสี่ยงด้านความเป็นส่วนตัว,ใช้ได้เฉพาะกับโทรศัพท์รุ่นใหม่,ตรวจจับ Deepfake ได้ 100%,B,แม้เทคโนโลยีช่วยยืนยันตัวตนได้ แต่ยังมีความกังวลด้านข้อมูลส่วนบุคคล,,
5,การตั้งคำถามส่วนตัวในครอบครัว,ทำไมการตั้ง “คำถามลับเฉพาะ” ในครอบครัวจึงช่วยป้องกันมิจฉาชีพได้,เพราะทำให้การสนทนาดูน่าสนุกขึ้น,เพราะคำถามเฉพาะตัวจะยืนยันตัวตนที่ Deepfake เลียนแบบไม่ได้,เพราะช่วยให้ AI เรียนรู้ข้อมูลส่วนตัว,เพราะช่วยลดความเครียดของผู้รับสาย,B,Deepfake ไม่สามารถตอบคำถามส่วนตัวที่ไม่มีในข้อมูลออนไลน์ได้,,
5,การป้องกันมิจฉาชีพ Deepfake โทรหลอก,หากได้รับสายจากคนที่อ้างว่าเป็นคนในครอบครัวแต่เสียงแปลกไป ควรทำอย่างไร,เชื่อทันทีเพราะชื่อขึ้นตรง,วางสายแล้วโทรกลับไปที่เบอร์จริงที่เราบันทึกไว้,ถามข้อมูลบัญชีเพื่อยืนยันตัวตน,แชร์เรื่องนี้ในโซเชียลมีเดีย,B,การตรวจสอบโดยโทรกลับเบอร์จริงของคนในครอบครัวเป็นวิธีป้องกัน Deepfake โทรหลอก,,
5,เสียงใน Deepfake มักไม่สมบูรณ์แบบ,สัญญาณของเสียงปลอมใน Deepfake คือข้อใด,มีเสียงลมหายใจและเสียงพื้นหลังตามธรรมชาติ,มีจังหวะการพูดที่ไม่ปกติและเสียงราบเรียบเกินจริง,เสียงดังเกินไป,พูดเร็วและกระชับ,B,เสียงจาก Deepfake มักฟังดูเป็นหุ่นยนต์ มีจังหวะเว้นวรรคไม่ธรรมชาติ และขาดอารมณ์จริง,,
5,การสังเกตการกะพริบตาและแสงเงา,ข้อใดเป็นวิธีพื้นฐานในการตรวจจับวิดีโอ Deepfake,ตรวจสอบความเร็วในการพูดของผู้พูด,สังเกตการกะพริบตาและขอบใบหน้าที่เบลอผิดธรรมชาติ,เชื่อเฉพาะวิดีโอที่มาจากโซเชียลมีเดียดัง ๆ,ใช้ AI วิเคราะห์เท่านั้น,B,Deepfake มักมีจุดผิดธรรมชาติ เช่น การกะพริบตาไม่สม่ำเสมอ หรือแสงบนใบหน้าไม่สมจริง,,
5,Deepfake คือสื่อสังเคราะห์ที่ปลอมแปลงภาพ เสียง หรือวิดีโอ,Deepfake อันตรายอย่างไร,ทำให้ดูน่าสนุกและสร้างสรรค์,สามารถใช้หลอกลวงหรือบิดเบือนข้อมูลได้อย่างแนบเนียน,ใช้ได้เฉพาะในวงการภาพยนตร์,ไม่สามารถทำให้คนเชื่อได้จริง,B,Deepfake เป็นภัยเพราะสามารถสร้างภาพหรือวิดีโอปลอมที่สมจริง ใช้ในการหลอกลวงได้,,
5,AI อาจอ้างอิงบทความวิชาการที่ไม่มีอยู่จริง,หาก AI ให้ลิงก์งานวิจัยที่ดูน่าเชื่อถือแต่ไม่มีอยู่จริง ผู้ใช้ควรทำอย่างไร,แชร์ต่อเพราะดูจริง,ตรวจสอบซ้ำจากฐานข้อมูลวิชาการ เช่น Google Scholar,ปล่อยผ่านเพราะไม่สำคัญ,เชื่อทันทีถ้าอ้างชื่อมหาวิทยาลัยดัง,B,การตรวจสอบซ้ำจากแหล่งที่เชื่อถือได้คือวิธีป้องกันการหลงเชื่อข้อมูลปลอม,,
5,AI สามารถช่วยค้นหางานวิจัยได้อย่างรวดเร็ว แต่ก็อาจสร้างข้อมูลปลอมขึ้นมา,ปัญหา “Hallucination” ของ AI หมายถึงอะไร,การที่ AI ตอบช้ากว่าปกติ,การที่ AI สร้างข้อมูลหรือแหล่งอ้างอิงที่ไม่มีอยู่จริง,การที่ AI ปฏิเสธการตอบคำถาม,การที่ AI แปลภาษาผิด,B,Hallucination คือการที่ AI “แต่งข้อมูล” หรือสร้างสิ่งที่ไม่มีอยู่จริงอย่างแนบเนียน,,
5,กรณีพนักงานบริษัทในฮ่องกงถูกหลอกโอนเงิน 896 ล้านบาท,หลักการทางจิตวิทยาใดที่มิจฉาชีพใช้ในเหตุการณ์นี้,Confirmation Bias,Social Proof,Authority Bias,Availability Heuristic,B,มิจฉาชีพใช้ Social Proof คือ “เมื่อทุกคนในกลุ่มเห็นด้วย สิ่งนั้นน่าจะถูกต้อง” เพื่อกดดันเหยื่อ,,
6,การตอบโต้คอนเทนต์ไม่ชอบมากเกินไป,ถ้าเราคอมเมนต์โต้แย้งคอนเทนต์ที่ไม่ชอบบ่อย ๆ จะเกิดอะไรขึ้น,AI จะลดการแสดงคอนเทนต์นั้น,AI จะคิดว่าเราสนใจและแนะนำคอนเทนต์แบบเดียวกันเพิ่มขึ้น,ระบบจะลบคอนเทนต์นั้นออก,ไม่มีผลใด ๆ,B,การมีปฏิสัมพันธ์มาก (แม้จะเป็นเชิงลบ) ทำให้ AI เข้าใจผิดว่าเราสนใจเนื้อหานั้น,,checked
6,สรุปแนวคิดหลักของบท,Personalization จะเป็นประโยชน์สูงสุดเมื่อใด,เมื่อเราเข้าใจกลไกและใช้เพื่อเพิ่มคุณภาพชีวิตและการเรียนรู้,เมื่อเราเปิดให้ระบบเลือกทุกอย่างแทนเรา,เมื่อเราใช้เวลามากที่สุดกับเนื้อหาที่เดิม,เมื่อเราไม่แสดงพฤติกรรมใด ๆ ในระบบ,A,การเข้าใจกลไกทำให้ผู้ใช้ใช้ AI อย่างมีอำนาจ ไม่ถูกระบบควบคุม,,checked
6,การรักษาสมดุลในการใช้ระบบแนะนำ,วิธีใดช่วยให้ฟีดของเราหลากหลายมากขึ้น,กดโต้ตอบกับเนื้อหาแบบเดิมซ้ำ ๆ,เปิดใจรับเนื้อหาหลากหลายและเลือกโต้ตอบสิ่งใหม่ ๆ,ปิดระบบแนะนำทั้งหมด,ลบข้อมูลการใช้งานออกทุกวัน,B,การโต้ตอบกับสิ่งใหม่ ๆ ทำให้ระบบเรียนรู้ความสนใจที่หลากหลายขึ้น,,checked
6,ความเสี่ยงของการเจอแต่สิ่งซ้ำ ๆ (Echo Chamber),ปัญหา Echo Chamber ส่งผลอย่างไร,ทำให้ผู้ใช้ได้รับข้อมูลที่หลากหลายมากขึ้น,ทำให้ผู้ใช้เห็นแต่เนื้อหาที่เหมือนเดิมและจำกัดมุมมอง,ทำให้ระบบแม่นยำขึ้นเสมอ,ไม่มีผลต่อพฤติกรรมผู้ใช้,B,Echo Chamber ทำให้มุมมองของผู้ใช้แคบลงและเสี่ยงต่อการรับข้อมูลซ้ำแบบมีอคติ,,checked
6,ความเสี่ยงของการใช้ AI โดยไม่เข้าใจกลไก,ถ้าเราไม่เข้าใจการทำงานของระบบแนะนำ จะเกิดผลอย่างไร,เราจะควบคุมเนื้อหาที่เห็นได้มากขึ้น,เราอาจกลายเป็นผู้ถูกควบคุมโดยอัลกอริทึม,ระบบจะหยุดแนะนำเนื้อหาทันที,ไม่มีผลใด ๆ ต่อผู้ใช้,B,การไม่เข้าใจกลไกทำให้เราถูกอัลกอริทึมชี้นำโดยไม่รู้ตัว,,checked
6,เหตุผลที่ระบบอาจแนะนำสิ่งที่เรา “ไม่ชอบ”,ข้อใดต่อไปนี้ ไม่ใช่ เหตุผลที่ระบบแนะนำสิ่งไม่ตรงใจ,ผู้ใช้เคยใช้เวลาเยอะกับคอนเทนต์นั้น,ระบบสุ่มเสนอสิ่งใหม่เพื่อทดลอง,ระบบใช้ข้อมูลของเพื่อนที่ชอบสิ่งนั้น,ระบบเข้าใจอารมณ์ของผู้ใช้ผิด,D,AI ไม่ได้เข้าใจอารมณ์ของมนุษย์ แต่ใช้รูปแบบข้อมูลและเวลาเป็นหลักในการคาดเดา,,checked
6,AI เข้าใจผู้ใช้โดย “เดา” จากข้อมูล ไม่ได้อ่านใจได้จริง,การที่ระบบแนะนำสามารถเดาได้ว่าเราชอบอะไร สะท้อนหลักการใด,การเรียนรู้จากตัวอย่าง (Learning from Data),การเข้าใจอารมณ์ผู้ใช้,การสุ่มแบบไม่มีรูปแบบ,การเรียนรู้เชิงจิตวิทยา,A,ระบบใช้ข้อมูลจำนวนมากเพื่อเรียนรู้รูปแบบความสนใจของผู้ใช้,,checked
6,ระบบเรียนรู้จากพฤติกรรม เช่น การกดไลก์ การดูวิดีโอ หรือการซื้อสินค้า,ข้อมูลใดต่อไปนี้มีผลต่อการแนะนำของ AI มากที่สุด,ข้อมูลที่ผู้ใช้พิมพ์เท่านั้น,พฤติกรรมการโต้ตอบของผู้ใช้ เช่น การกดไลก์และเวลาที่ใช้กับคอนเทนต์,ข้อมูลจากเพื่อนเท่านั้น,การตั้งค่าภาษาในเครื่อง,B,พฤติกรรมของผู้ใช้ (implicit feedback) เป็นตัวบ่งชี้หลักที่ระบบใช้เรียนรู้ความสนใจ,,checked
6,การใช้ Recommendation System ในการศึกษา,การนำ AI มาปรับการเรียนรู้ให้เหมาะกับแต่ละบุคคลมีประโยชน์อย่างไร,ทุกคนได้เรียนเหมือนกันหมด,ผู้เรียนแต่ละคนได้รับเนื้อหาที่ตรงกับระดับและความสนใจ,ครูไม่ต้องสอนอีกต่อไป,ผู้เรียนต้องแข่งขันกันมากขึ้น,B,Personalized learning ช่วยให้แต่ละคนเรียนในระดับและรูปแบบที่เหมาะสมกับตนเอง,,checked
6,ระบบแนะนำ (Recommendation System) ช่วยเลือกสิ่งที่ “น่าจะใช่สำหรับเรา”,ระบบ Recommendation System ทำงานอย่างไร,คาดเดาจากสิ่งที่ผู้ใช้น่าจะสนใจโดยอิงจากพฤติกรรมการใช้งาน,สุ่มเนื้อหาทั้งหมดให้ผู้ใช้เลือกเอง,ให้ผู้เชี่ยวชาญเลือกเนื้อหาให้ผู้ใช้,แนะนำเฉพาะสิ่งที่ผู้ใช้ไม่เคยเห็นมาก่อน,A,ระบบใช้ข้อมูลการดู คลิก หรือซื้อของผู้ใช้มาคาดเดาสิ่งที่ผู้ใช้น่าจะชอบ,,checked
7,บทสรุป,1ข้อใดสอดคล้องกับแนวคิด “AI for All” มากที่สุด,ให้ AI พัฒนาเฉพาะด้านเทคโนโลยีชั้นสูง,ให้ทุกคนสามารถเข้าถึงและใช้ AI ได้อย่างเท่าเทียม,ให้ผู้เชี่ยวชาญเท่านั้นใช้ AI,ให้ AI ทำงานแทนมนุษย์ทั้งหมด,B,“AI for All” หมายถึงการทำให้เทคโนโลยีตอบโจทย์คนทุกกลุ่มอย่างเท่าเทียมและทั่วถึง,,
7,หัวใจของการพัฒนา AI ที่ดีที่สุด,1หลักคิด “Human-Centered AI” เน้นสิ่งใด,การพัฒนาเทคโนโลยีที่เน้นผลกำไรสูงสุด,การพัฒนาโดยมีมนุษย์และคุณภาพชีวิตเป็นศูนย์กลาง,การลดต้นทุนทางเทคนิค,การใช้ข้อมูลให้มากที่สุด,B,Human-Centered AI คือการสร้างเทคโนโลยีที่ยกระดับคุณภาพชีวิตและลดความเหลื่อมล้ำ,,
7,ความท้าทายของ AI เพื่อทุกคน,1ข้อใด ไม่ใช่ ความท้าทายในการออกแบบ AI ที่ครอบคลุมทุกกลุ่ม,Bias ของ AI,การปกป้องข้อมูลส่วนบุคคล,ค่าใช้จ่ายและความพร้อมของผู้ใช้,ความต้องการให้ระบบแนะนำซ้ำเดิม,D,ปัญหา Echo Chamber เกี่ยวข้องกับการแนะนำเนื้อหา ไม่ใช่การเข้าถึงของผู้ใช้,,
7,AI ในวงการศึกษา,1บทบาทของ AI ใน Blended Learning คืออะไร,เป็นผู้สอนแทนครูทั้งหมด,ช่วยปรับเนื้อหาและกิจกรรมให้เหมาะกับผู้เรียนแต่ละคน,จัดสอบแทนครู,ทำหน้าที่ควบคุมนักเรียน,B,AI ทำหน้าที่เป็นผู้ช่วยวิเคราะห์ความเข้าใจและแนะนำเนื้อหาที่เหมาะกับแต่ละคน,,
7,AI ลดอุปสรรคทางภาษา,แอปแปลภาษาที่ใช้เสียงพูดช่วยสร้างความเท่าเทียมได้อย่างไร,ช่วยให้เข้าใจเนื้อหาที่ซับซ้อนขึ้น,ทำให้ผู้ใช้ต่างชาติเข้าถึงบริการสาธารณะได้เท่าเทียม,ใช้เฉพาะในการท่องเที่ยว,ช่วยให้ผู้เรียนฝึกสำเนียง,B,AI ช่วยแปลภาษาแบบเรียลไทม์ ทำให้ผู้ใช้ต่างชาติหรือผู้ย้ายถิ่นเข้าถึงบริการได้เท่ากับคนท้องถิ่น,,
7,"การช่วยนักเรียนที่มีปัญหาด้านการเรียนรู้ (LD, Dyslexia)",เทคโนโลยีใดเหมาะกับผู้เรียนที่มี Dyslexia,ระบบแปลภาษาอัตโนมัติ,ระบบ Text-to-Speech ที่อ่านเนื้อหาออกเสียง,ระบบตรวจสอบภาพ,ระบบพิมพ์ดีดเร็ว,B,Text-to-Speech ช่วยให้นักเรียนที่อ่านหนังสือยากเข้าใจเนื้อหาได้ดีขึ้นโดยการฟัง,,
7,AI ช่วยผู้สูงอายุ,ข้อใดต่อไปนี้เป็นตัวอย่างของการใช้ AI เพื่อดูแลผู้สูงอายุ,เกมออนไลน์เพื่อสุขภาพจิต,หุ่นยนต์เพื่อนพูดคุย เตือนยา และตรวจจับการล้ม,ระบบจำลองสภาพอากาศ,แอปแปลภาษาต่างประเทศ,B,AI ช่วยผู้สูงอายุได้ทั้งด้านความปลอดภัยและอารมณ์ผ่านผู้ช่วยอัจฉริยะและหุ่นยนต์ดูแล,,
7,การช่วยเหลือผู้พิการทางการได้ยิน,เทคโนโลยีใดช่วยให้ผู้บกพร่องทางการได้ยินเข้าถึงข้อมูลได้มากขึ้น,โปรแกรมคำนวณคณิตศาสตร์,แอปแปลงเสียงพูดเป็นข้อความแบบเรียลไทม์,กล้องรักษาความปลอดภัย,แอปสั่งอาหารออนไลน์,B,การแปลงเสียงเป็นข้อความช่วยให้ผู้บกพร่องทางการได้ยินเข้าใจบทสนทนาได้ทันที,,
7,ประโยชน์ข้อที่ 1: การช่วยเหลือผู้ที่มีความต้องการพิเศษ,ตัวอย่างใดแสดงถึงการใช้ AI เพื่อช่วยผู้พิการทางสายตา,ระบบตรวจจับใบหน้า,แอปอ่านข้อความบนหน้าจอและบรรยายสิ่งรอบตัว,ระบบจดจำเสียงของผู้ใช้,แอปแปลภาษาอัตโนมัติ,B,AI ช่วยบรรยายสิ่งรอบตัวให้ผู้พิการทางสายตาผ่านเสียงได้แบบเรียลไทม์,,
7,การฝึกโมเดลด้วยข้อมูลที่หลากหลาย,ทำไมข้อมูลฝึก AI ต้องมีความหลากหลาย,เพื่อให้โมเดลซับซ้อนขึ้น,เพื่อป้องกันการเกิดอคติและตอบสนองผู้ใช้ทุกกลุ่มได้,เพื่อให้ระบบทำงานช้าลง,เพื่อสร้างภาพจำของผู้ใช้กลุ่มเดียว,B,ความหลากหลายของข้อมูลช่วยลด Bias และเพิ่มความเท่าเทียมในการตัดสินใจของ AI,,
7,Human-Centered Design,Human-Centered Design เน้นหลักการใด,ให้ AI ตัดสินใจแทนมนุษย์,พัฒนาเทคโนโลยีที่ตอบโจทย์ความต้องการของมนุษย์อย่างแท้จริง,ลดต้นทุนของผู้ผลิตเท่านั้น,พัฒนาเพื่อกลุ่มเฉพาะที่ใช้ได้ดี,B,การออกแบบโดยยึดมนุษย์เป็นศูนย์กลาง ทำให้เทคโนโลยีตอบสนองต่อผู้ใช้ทุกกลุ่มได้จริง,,
7,องค์ประกอบของการออกแบบที่ครอบคลุม,แนวคิดใดที่เป็นสามเสาหลักของการออกแบบเพื่อทุกคน,"Inclusivity, Accessibility, Usability","Simplicity, Speed, Design","Privacy, Creativity, Innovation","Accessibility, Security, Automation",A,การรวมทุกกลุ่ม (Inclusivity) การเข้าถึงได้ (Accessibility) และการใช้งานจริง (Usability) คือหัวใจของ Human-Centered Design,,
7,แนวคิด Inclusive Design,Inclusive Design หมายถึงอะไร,การออกแบบเฉพาะสำหรับผู้ใช้ที่มีความพิการ,การออกแบบเทคโนโลยีที่คำนึงถึงความหลากหลายของผู้ใช้ทุกกลุ่ม,การออกแบบระบบที่ใช้ AI ขั้นสูงเท่านั้น,การออกแบบเพื่อความสะดวกของผู้พัฒนา,B,Inclusive Design คือการออกแบบเทคโนโลยีให้ทุกคนเข้าถึงได้โดยไม่ถูกจำกัดด้วยเพศ อายุ ภาษา หรือสภาพร่างกาย,,
7,การแปลเป็นภาษามือด้วยอวาตาร์,ข้อใดคือประโยชน์ของการใช้ AI แปลเสียงพูดเป็นภาษามือผ่านอวาตาร์,ทำให้คนทั่วไปเรียนภาษามือได้เร็วขึ้น,ลดช่องว่างการสื่อสารระหว่างคนหูหนวกกับคนทั่วไป,ช่วยให้หุ่นยนต์เข้าใจมนุษย์มากขึ้น,ใช้เฉพาะในวงการเกม,B,AI ภาษามือช่วยสร้างการสื่อสารที่เท่าเทียมระหว่างผู้บกพร่องทางการได้ยินกับสังคม,,
8,ประโยชน์ของการที่ AI เข้าใจอารมณ์,ข้อใดเป็นประโยชน์โดยตรงของ Emotional AI,ใช้แทนนักจิตวิทยาได้โดยสมบูรณ์,ช่วยวิเคราะห์อารมณ์ของผู้ใช้และปรับการตอบสนองให้เหมาะสม,ทำให้ AI มีความรู้สึกจริง,ลดความต้องการครูในโรงเรียน,B,AI ที่เข้าใจอารมณ์ช่วยเพิ่มประสิทธิภาพการสื่อสารและการบริการ,,
8,Human-Centered AI,1แนวคิด “Human-Centered AI” ในบทนี้หมายถึงอะไร,AI ที่เน้นการเลียนแบบมนุษย์ทุกด้าน,AI ที่เข้าใจและตอบสนองต่อมนุษย์เพื่อยกระดับคุณภาพชีวิต,AI ที่ตัดสินใจแทนมนุษย์ทั้งหมด,AI ที่ไม่มีการควบคุมจากมนุษย์,B,Human-Centered AI คือการพัฒนา AI ที่เข้าใจมนุษย์และใช้เพื่อสนับสนุน ไม่แทนที่มนุษย์,,
8,สรุป,1จากบทเรียนนี้ เราสามารถสรุปได้ว่า...,AI มีอารมณ์จริง ๆ แบบมนุษย์,AI ไม่มีอารมณ์ แต่เข้าใจและตอบสนองต่ออารมณ์ของมนุษย์ได้,AI ไม่สามารถวิเคราะห์อารมณ์ได้เลย,AI สามารถรู้สึกโกรธหรือเศร้าได้เอง,B,AI ไม่มีอารมณ์ แต่เข้าใจและจำลองการแสดงออกทางอารมณ์เพื่อสื่อสารกับมนุษย์ได้,,
8,AI กับสุขภาพจิต,1ข้อใดคือการใช้ Emotional AI ในการดูแลสุขภาพจิต,วิเคราะห์อารมณ์จากเสียงหรือข้อความเพื่อช่วยตรวจจับภาวะเครียดหรือซึมเศร้า,แนะนำผลิตภัณฑ์ใหม่ตามความรู้สึก,ตรวจสอบอุณหภูมิร่างกาย,ส่งข้อความอัตโนมัติเมื่อผู้ใช้หัวเราะ,A,AI สามารถช่วยประเมินภาวะทางอารมณ์จากพฤติกรรมและการสื่อสารของผู้ใช้,,
8,AI กับการเรียนรู้เฉพาะบุคคล,Emotional AI ช่วยสนับสนุน Personalized Learning ได้อย่างไร,ปรับเนื้อหาและวิธีสอนตามอารมณ์ผู้เรียน,ตรวจสอบผลสอบแทนครู,สอนเฉพาะวิชาคณิตศาสตร์,ตัดสินคะแนนอัตโนมัติ,A,AI สามารถวิเคราะห์อารมณ์ผู้เรียนและปรับเนื้อหาหรือวิธีสอนให้เหมาะสม,,
8,สรุปภาพรวมของความสามารถ AI,จากองค์ประกอบของอารมณ์ทั้ง 5 ข้อใดถูกต้อง,AI มีอารมณ์ครบทุกองค์ประกอบ,AI ไม่มีอารมณ์แต่สามารถจำลองบางองค์ประกอบได้,AI ไม่สามารถวิเคราะห์อารมณ์มนุษย์ได้เลย,AI มีอารมณ์เหมือนมนุษย์ในอนาคต,B,AI ไม่มีความรู้สึกจริง แต่สามารถจำลองการแสดงออกและการประเมินเหตุการณ์ได้บางส่วน,,
8,AI กับการบริการลูกค้า,1Emotional AI ช่วยยกระดับประสบการณ์ลูกค้าได้อย่างไร,ตอบกลับด้วยข้อความมาตรฐานทุกครั้ง,ปรับโทนการตอบให้เหมาะกับอารมณ์ของลูกค้า,เก็บข้อมูลลูกค้าโดยไม่แจ้ง,ตัดสินใจแทนลูกค้า,B,การเข้าใจอารมณ์ลูกค้าช่วยให้ AI สื่อสารอย่างเห็นอกเห็นใจและเพิ่มความพึงพอใจ,,
8,การแสดงออกของ AI,Motor Expression ของ AI ปรากฏในรูปแบบใด,การเปลี่ยนสีหน้าและท่าทางแบบร่างกายจริง,การแสดงออกผ่านข้อความ เสียง หรือภาพ,การเปลี่ยนระดับพลังงาน,การส่งสัญญาณไฟฟ้าในวงจร,B,AI สามารถ “จำลอง” การแสดงออกได้ เช่น เสียง น้ำเสียง หรือภาพ,,
8,การเปรียบเทียบองค์ประกอบของอารมณ์ใน AI,องค์ประกอบใดที่ AI ยัง “ไม่มี” อย่างแท้จริง,Cognitive Appraisal,Motor Expression,Subjective Feeling,Action Tendency,C,AI ยังไม่มีความรู้สึกภายในหรือจิตสำนึก (Subjective Feeling) แบบมนุษย์,,
8,การตอบสนองทางกาย,ตัวอย่างของ Physiological Response คือข้อใด,การพูดด้วยน้ำเสียงนุ่มนวล,การหัวใจเต้นเร็ว เหงื่อออก หรือกล้ามเนื้อตึง,การยิ้มให้ผู้อื่น,การคิดวิเคราะห์ปัญหา,B,เป็นการตอบสนองทางกายภาพที่เกิดขึ้นโดยอัตโนมัติเมื่อมีอารมณ์,,
8,การประเมินเหตุการณ์,Cognitive Appraisal ในบริบทของอารมณ์หมายถึงอะไร,การตอบสนองของร่างกาย,การประเมินเหตุการณ์ว่าเกี่ยวข้องกับตนเองหรือควบคุมได้ไหม,การแสดงออกทางสีหน้า,การหลั่งฮอร์โมน,B,เป็นกระบวนการที่สมองประเมินว่าสถานการณ์นั้นสำคัญต่อเราหรือไม่,,
8,องค์ประกอบของอารมณ์,ข้อใด ไม่ใช่ องค์ประกอบของอารมณ์ตามแนวคิด Component Process Model,Cognitive Appraisal,Physiological Response,Machine Learning,Subjective Feeling,C,Machine Learning เป็นเทคโนโลยี ไม่ใช่องค์ประกอบของอารมณ์มนุษย์,,
8,ความเข้าใจพื้นฐานของอารมณ์,ตามนิยามของ Klaus Scherer อารมณ์คืออะไร,การตอบสนองทางกายอย่างเดียว,การตอบสนองแบบประสานกันของความคิด ร่างกาย และการแสดงออกต่อเหตุการณ์,ความรู้สึกชั่ววูบที่เกิดขึ้นโดยไม่มีเหตุผล,ปฏิกิริยาที่เกิดจากสิ่งเร้าภายนอกเท่านั้น,B,Scherer ให้นิยามอารมณ์ว่าเป็นการตอบสนองหลายองค์ประกอบ ทั้งความคิด ร่างกาย และพฤติกรรม,,
8,แนวโน้มการกระทำ (Action Tendency),เหตุใด Action Tendency ของ AI จึงไม่เหมือนมนุษย์,เพราะ AI ไม่มีเป้าหมายภายในและแรงจูงใจส่วนตัว,เพราะ AI ยังไม่ถูกตั้งโปรแกรม,เพราะ AI ไม่มีข้อมูลเพียงพอ,เพราะ AI ไม่เข้าใจภาษา,A,AI ตอบสนองตามคำสั่ง ไม่ได้ขับเคลื่อนด้วยแรงจูงใจหรืออารมณ์ภายใน,,
9,สรุปแนวคิดหลัก,1จากบทนี้ ผู้เรียนควรมีทัศนคติอย่างไรต่อ AI,มองว่าเป็นภัยต่อการเรียนรู้,มองว่าเป็นคู่คิดที่ช่วยขยายศักยภาพการเรียนรู้ของเรา,ใช้เพราะจำเป็นเท่านั้น,หลีกเลี่ยงเพราะไม่แม่นยำ,B,บทเรียนนี้สรุปว่า AI คือเครื่องมือเพิ่มพลัง ไม่ใช่สิ่งมาทดแทนมนุษย์,,
9,การออกแบบการเรียนรู้แห่งอนาคต,1บทเรียนจาก “กะทิ” บอกเราว่า AI ที่ดีควรถูกออกแบบอย่างไร,ให้ข้อมูลเยอะที่สุด,มีตัวตนชัดเจน เป็นมิตร และสอดคล้องกับเป้าหมายการเรียนรู้,ใช้ภาษาทางเทคนิคมาก,ตอบแบบสั้นกระชับทุกครั้ง,B,บุคลิกและบริบทที่เป็นมิตรทำให้การเรียนรู้กับ AI มีประสิทธิภาพ,,
9,การเชื่อมโยงกับชีวิตจริง,1หากผู้เรียนต้องใช้ Generative AI ในชีวิตประจำวัน สิ่งที่ควรระลึกเสมอคืออะไร,ใช้เพื่อให้ได้คำตอบเร็วที่สุด,ใช้อย่างมีเป้าหมายและสะท้อนตนเองหลังใช้งาน,ใช้เฉพาะในงานวิชาการ,หลีกเลี่ยงการใช้ AI,B,การใช้ AI อย่างมีสติและมีเป้าหมายช่วยให้เกิดการเรียนรู้จริง,,
9,การใช้ AI เพื่อสร้างนวัตกรรม,“Vibe Coding” สะท้อนแนวคิดใดของการเรียนรู้ร่วมกับ AI,เรียนรู้ผ่านการลองผิดลองถูกและสร้างต้นแบบร่วมกับ AI,การฝึกจำคำสั่ง AI,การใช้โค้ดสำเร็จรูป,การเขียนโปรแกรมระดับสูง,A,“Vibe Coding” คือการให้ AI ช่วยจำลองแนวคิด สร้างต้นแบบ และฝึกคิดเชิงสร้างสรรค์,,
9,การประยุกต์ใช้ในงานวิจัย,ถ้าใช้ AI เป็น “เพื่อนคู่คิด” ในงานวิจัย ควรใช้ในลักษณะใด,ให้ AI สรุปผลแทน,ให้ AI ตั้งคำถามและช่วยสะท้อนแนวคิดกลับ,ให้ AI เขียนบทความทั้งหมด,ให้ AI เก็บข้อมูลภาคสนาม,B,การใช้ AI ตั้งคำถามกลับช่วยให้ผู้วิจัยคิดอย่างลึกและมีมุมมองใหม่,,
9,การเรียนรู้ตลอดชีวิต,จากมุมมองของ รศ.ดร.สุทธิดา “AI” ทำหน้าที่เหมือนอะไรในกระบวนการเรียนรู้,ผู้ตรวจสอบผลงาน,เพื่อนคู่คิดที่ช่วยสะท้อนและตั้งคำถาม,เครื่องมือประเมินคะแนน,ระบบช่วยจำเนื้อหา,B,AI ถูกมองว่าเป็นเพื่อนร่วมคิดที่ช่วยให้ผู้เรียนมองเห็นช่องว่างของความเข้าใจ,,
9,การมอง AI อย่างมีวิจารณญาณ,“AI จะไม่ทำแทนเรา แต่เติบโตไปพร้อมกับเรา” หมายความว่าอย่างไร,มนุษย์ควบคุม AI ได้เสมอ,AI เป็นเครื่องมือสนับสนุนการเรียนรู้ของมนุษย์,AI จะกลายเป็นสิ่งมีชีวิต,AI ต้องเรียนรู้แบบเดียวกับคน,B,สะท้อนแนวคิด Human-Centered AI ที่เน้นการพัฒนาเพื่อร่วมเติบโตกับมนุษย์,,
9,การประเมินผลหลังใช้ Chatbot,การที่คะแนน Net Promoter Score เพิ่มจาก -59 เป็น +34 สะท้อนอะไร,ระบบให้คะแนนผิดพลาด,ผู้เรียนพอใจและเห็นว่าทักษะตนดีขึ้น,จำนวนผู้เรียนลดลง,นักศึกษากลัว AI น้อยลง,B,ค่า NPS ที่เพิ่มขึ้นหมายถึงประสบการณ์ผู้ใช้และทักษะดีขึ้นจริง,,
9,การเรียนรู้แบบมีผู้ช่วยอัจฉริยะ,การมี Chatbot อย่าง “กะทิ” ในห้องเรียนขนาดใหญ่ช่วยลดปัญหาใดได้ดีที่สุด,ขาดผู้ช่วยสอนดูแลรายคน,ขาดระบบอัตโนมัติ,ขาดอุปกรณ์คอมพิวเตอร์,ขาดคะแนนสอบ,A,Chatbot ทำหน้าที่เสมือน Facilitator ส่วนตัว สำหรับผู้เรียนจำนวนมาก,,
9,บทบาทของ Chatbot ในการเรียนรู้,ถ้า “กะทิ” เป็นผู้ช่วยสอน (TA) ที่ดี นักศึกษาควรใช้ประโยชน์อย่างไร,รอให้กะทิให้คำตอบที่ถูกต้อง,ใช้กะทิเป็นพื้นที่ฝึกตั้งคำถามและรับฟีดแบค,ใช้เพื่อค้นหาข้อสอบเก่า,ใช้แทนการอ่านหนังสือ,B,Chatbot ถูกออกแบบให้ช่วยพัฒนากระบวนการคิด ไม่ใช่ให้คำตอบแทน,,
9,การเรียนรู้จาก Chatbot “กะทิ”,สิ่งสำคัญที่สุดที่ “กะทิ” ช่วยให้นักศึกษาเรียนรู้ได้คืออะไร,ได้คำตอบที่เร็วขึ้น,ได้ฝึกคิดและปรับปรุง Prompt ด้วยตนเอง,ได้เกรดสูงขึ้น,ได้เรียนรู้ข้อมูลใหม่ ๆ,B,“กะทิ” ไม่สอนโดยให้คำตอบ แต่ฝึกให้ผู้เรียนคิดและพัฒนา Prompt ด้วยคำถามนำ,,
9,การสื่อสารกับ AI,การฝึกสื่อสารกับ AI ผ่านการเขียน Prompt คล้ายกับทักษะ Soft Skill ใดมากที่สุด,การใช้โปรแกรมคอมพิวเตอร์,การพูดในที่สาธารณะ,การตั้งคำถามและสื่อสารกับคนอย่างมีเหตุผล,การจำคำสั่ง,C,การสื่อสารกับ AI ต้องอาศัยการคิด วิเคราะห์ และตั้งคำถามอย่างมีจุดหมาย เหมือนการสนทนากับคน,,
9,การเข้าใจปัญหาเริ่มต้น,เมื่อผู้เรียนรู้สึกว่าคำตอบจาก Generative AI “ไม่ตรงกับสิ่งที่ต้องการ” ควรเริ่มแก้จากจุดใดก่อน,ฝึกเขียน Prompt ให้ชัดเจนและมีบริบท,เปลี่ยนไปใช้โมเดล AI ตัวอื่น,ใช้หลาย Prompt พร้อมกัน,หยุดใช้ AI ทันที,A,ปัญหามักเกิดจากการสื่อสารไม่ชัด การฝึกตั้งคำถามหรือเขียน Prompt คือก้าวแรกของการแก้ปัญหา,,
9,การตีความจากกรณีศึกษา,จากกรณี “กะทิ” เราเรียนรู้อะไรได้เกี่ยวกับการใช้ AI เพื่อพัฒนาทักษะมนุษย์,AI ใช้แทนมนุษย์ได้ในทุกงาน,AI ช่วยพัฒนา Soft Skills ได้ หากออกแบบให้เรียนรู้เชิงปฏิสัมพันธ์,AI ควรใช้เฉพาะในด้านเทคนิค,AI ทำให้คนพึ่งพาเทคโนโลยีเกินไป,B,ตัวอย่าง “กะทิ” แสดงให้เห็นว่า AI สามารถเสริมทักษะการคิดและการสื่อสารได้จริง,,
10,มุมมองเชิงปรัชญา,ข้อคิดจากไฮเดกเกอร์เกี่ยวกับเทคโนโลยีเตือนเราว่าอะไร,เทคโนโลยีทำลายสิ่งแวดล้อม,เทคโนโลยีอาจเปลี่ยนแก่นแท้ของความเป็นมนุษย์ ทำให้เรามองทุกสิ่งเป็นเพียงเครื่องมือ,เทคโนโลยีควรถูกควบคุมโดยกฎหมายเท่านั้น,เทคโนโลยีไม่มีผลต่อความเป็นมนุษย์,B,ไฮเดกเกอร์เตือนว่าการพึ่งพาเทคโนโลยีมากเกินไปอาจทำให้เราสูญเสียความเป็นมนุษย์,,
10,การใช้ AI อย่างชาญฉลาด,ผู้ใช้ควรทำสิ่งใดเพื่อใช้ AI อย่างชาญฉลาดและมีความรับผิดชอบ,เก็บข้อมูลการใช้งาน เช่น Prompt และเวอร์ชันของ AI ที่ใช้,ใช้โดยไม่สนใจผลลัพธ์,ให้ AI ทำงานทั้งหมดแทน,ใช้ AI โดยไม่เปิดเผยแหล่งที่มา,A,การเก็บข้อมูลการใช้งานช่วยให้ตรวจสอบความโปร่งใสและรับผิดชอบต่อผลลัพธ์ได้,,
10,สิทธิในทรัพย์สินทางปัญญา,เหตุใดผลงานที่สร้างโดย AI ล้วนๆ จึงไม่ได้รับลิขสิทธิ์,เพราะ AI ยังไม่เป็นที่ยอมรับในวงการศิลปะ,เพราะกฎหมายให้สิทธิ์เฉพาะมนุษย์ที่ใช้ความพยายามสร้างสรรค์งาน,เพราะ AI ไม่จ่ายภาษี,เพราะไม่สามารถพิสูจน์ผู้สร้างได้,B,ลิขสิทธิ์มอบให้เฉพาะมนุษย์ที่มี “เจตนาและความพยายามสร้างสรรค์”,,
10,จริยธรรมและการตีพิมพ์,การใช้ AI ในการเขียนบทความวิชาการอย่างมีจริยธรรม ควรทำอย่างไร,ห้ามใช้ AI ทุกกรณี,ใช้ได้แต่ต้องระบุให้ชัดว่าช่วยในส่วนใด,ใช้ได้โดยไม่ต้องประกาศ,ให้ AI เขียนแทนทั้งหมด,B,ผู้เขียนสามารถใช้ AI ช่วยในบางขั้นตอน แต่ต้องเปิดเผยวิธีการใช้อย่างโปร่งใส,,
10,หลักการสำคัญของกฎหมาย AI,ข้อใด “ไม่ใช่” ประเด็นหลักของกฎหมาย AI ที่กำลังพัฒนา,การคุ้มครองข้อมูลส่วนบุคคล,การป้องกันอคติและการบิดเบือนคำตอบ,การส่งเสริมการใช้ AI อย่างมีความรับผิดชอบ,การแบนการใช้ AI ในทุกกรณี,D,ไม่มีประเทศใดออกกฎหมายห้ามใช้ AI แต่ส่งเสริมให้ใช้อย่างมีจริยธรรม,,
10,กฎหมายในไทย,หน่วยงานใดของไทยกำลังพัฒนากรอบกฎหมาย AI,สำนักงานสถิติแห่งชาติ,สำนักงานพัฒนาธุรกรรมทางอิเล็กทรอนิกส์ (ETDA),สำนักงานนวัตกรรมแห่งชาติ (NIA),กระทรวงศึกษาธิการ,B,ETDA เป็นหน่วยงานหลักในการกำหนดกรอบกฎหมาย AI และทำประชาพิจารณ์แล้ว,,
10,อาชีพในอนาคต,เหตุใด AI ยังไม่สามารถแทนที่ครูได้ทั้งหมด,เพราะ AI ยังไม่ฉลาดพอ,เพราะครูมีบทบาทเกินกว่าการถ่ายทอดความรู้ เช่น การให้แรงบันดาลใจและความเข้าใจมนุษย์,เพราะกฎหมายห้าม,เพราะนักเรียนไม่ชอบใช้เทคโนโลยี,B,บทบาทของครูมีมิติทางอารมณ์ จริยธรรม และมนุษยสัมพันธ์ที่ AI ยังทำแทนไม่ได้,,
10,การกำกับดูแล AI,กฎหมายใดของสหภาพยุโรป (EU) เป็นต้นแบบการกำกับดูแล AI ที่ครอบคลุมที่สุด,Digital Service Act,EU AI Act,GDPR 2.0,European Data Law,B,EU AI Act เป็นกฎหมายต้นแบบที่กำหนดกรอบการพัฒนาและใช้ AI อย่างครอบคลุม,,
10,Agentic AI,Agentic AI แตกต่างจาก Chatbot ทั่วไปอย่างไร,ต้องมีคนสั่งงานตลอดเวลา,ทำงานอัตโนมัติเป็นกระบวนการครบวงจรโดยไม่ต้องสั่งทีละขั้น,ใช้เฉพาะงานแปลภาษา,ไม่มีความสามารถเชื่อมต่อระบบอื่น,B,Agentic AI สามารถทำงานเป็นลำดับต่อเนื่อง เช่น วิเคราะห์–สรุป–รายงาน ได้เอง,,
10,ผลกระทบต่อทักษะมนุษย์,ความกังวลเรื่อง “Critical Thinking ถดถอย” เกิดจากอะไร,คนใช้ AI เพื่อแก้ปัญหาที่ยากเกินไป,การพึ่งพา AI สร้างเนื้อหาแทนการคิดวิเคราะห์เอง,การเขียน Prompt ผิด,การใช้ข้อมูลเก่าฝึก AI,B,เมื่อ AI ทำให้เราคิดน้อยลง ความสามารถในการวิเคราะห์เชิงลึกของมนุษย์อาจลดลง,,
10,แนวโน้มของ AI,ปัจจัยใดเป็นสาเหตุให้เกิดความกังวลเกี่ยวกับ Generative AI มากขึ้นในปัจจุบัน,การที่ AI ยังไม่สามารถคิดเองได้,การที่ AI เริ่มทำงานแทนมนุษย์ในกระบวนการซับซ้อนมากขึ้น,การที่ AI ใช้งานยากเกินไป,การที่ AI มีราคาสูง,B,การพัฒนา Agentic AI ทำให้ AI เริ่มทำงานอัตโนมัติแทนมนุษย์ได้หลายขั้นตอน,,
10,การตั้งคำถามที่ถูกต้อง,ผู้ใช้ AI ที่ “ชาญฉลาด” ควรถามคำถามใดมากที่สุดก่อนเริ่มใช้งาน,AI จะทำงานได้เร็วแค่ไหน,เราควรให้ AI ทำอะไร และไม่ควรทำอะไร เพื่ออะไร,โมเดลไหนแม่นที่สุด,ใช้ AI แล้วประหยัดเวลาเท่าไร,B,การใช้ AI อย่างมีสติเริ่มจากการเข้าใจเป้าหมายและขอบเขตการใช้งาน,,
10,กฎหมายลิขสิทธิ์ในสหรัฐฯ,กฎหมาย Generative AI Copyright Disclosure Act มีเป้าหมายหลักคืออะไร,จำกัดการเข้าถึง AI,บังคับให้บริษัทเปิดเผยข้อมูลลิขสิทธิ์ที่ใช้ฝึก AI,ห้ามสร้างภาพด้วย AI,ยกเลิกการคุ้มครองผลงานมนุษย์,B,เพื่อความโปร่งใส บริษัทต้องเปิดเผยว่ามีผลงานใดถูกใช้ในการเทรน AI,,
10,เป้าหมายสูงสุดของการใช้ AI,จากบทเรียนนี้ จุดหมายสูงสุดของการใช้ AI คืออะไร,ให้ AI แทนแรงงานมนุษย์,เพิ่มผลิตภาพอย่างเดียว,ใช้ AI เพื่อทำให้มนุษย์ฉลาดขึ้นและเข้าใจโลกดีขึ้น,ใช้เพื่อสร้างความบันเทิง,C,เป้าหมายคือการใช้ AI เพื่อเสริมศักยภาพของมนุษย์ ไม่ใช่ลดคุณค่าของมนุษย์,,
